item_id,source,source_id,source_type,source_url,title,source_item_url,summary,published_at,discovered_at,stage,score,score_breakdown,platforms,issue_types,intent_flags,business_name,business_site,offer_fit,offer_reason,audit,sales_route,cta_label,cta_destination,subject_draft,message_draft,follow_up_draft,status,contact_method,contact_target,sent_at
bf55c918f1d3d4f0,Reddit r/bigseo,reddit-bigseo,forum,https://www.reddit.com/r/bigseo/.rss,"Google Has Removed FAQ Rich Results From Google SERPs, Now What Next Should I Do?",https://www.reddit.com/r/bigseo/comments/1tcrp0n/google_has_removed_faq_rich_results_from_google/,"Everyone is talking about that google has removed FAQ rich results. now audit your web pages and check where schema is valuable to put. So, need your guidance on what should be the next strategy? /u/Brief-Evening2577",2026-05-14T08:16:58+00:00,2026-05-14T18:07:17+00:00,hot,31,"{'schema_hits': ['rich result', 'rich results'], 'strict_schema_hits': ['rich result', 'rich results', 'schema'], 'intent_hits': [], 'platform_hits': [], 'issue_hits': [], 'visibility_hits': ['rich result', 'rich results'], 'ecom_search_hits': ['rich result', 'rich results'], 'negative_hits': [], 'hard_reject_hits': [], 'general_reddit_reject_hits': [], 'title_signal_hits': ['rich result', 'rich results'], 'schema_source': False, 'native_action_source': True, 'general_reddit_source': True, 'ecom_platform_source': False}",[],"['rich result', 'rich results']",[],,,Done-for-you / service,Treat this as a direct service lead first.,"{'business_site': None, 'schema_present': None, 'notes': ''}",forum_reply,Email for direct help,mailto:schemaagent@gmail.com,"Direct schema help for: Google Has Removed FAQ Rich Results From Google SERPs, Now What Next S","This looks like a rich-results eligibility/output issue rather than a plain ranking problem.

I’d check these first:
- Validate the live page against the canonical URL Google is actually using.
- Check that required properties are present consistently across that page type.
- Remember valid markup only gives eligibility — Google can still suppress the feature.

If you want, send the live URL and current markup/feed source to schemaagent@gmail.com and I’ll tell you where I’d look first.","Quick follow-up on 'Google Has Removed FAQ Rich Results From Google SERPs, Now What Next Should I Do?': if you still want hands-on help, send the live URL and the current markup/feed source to schemaagent@gmail.com and I’ll point you to the first layer I’d test.",ready,forum_reply,https://www.reddit.com/r/bigseo/comments/1tcrp0n/google_has_removed_faq_rich_results_from_google/,
8b711cea2cdbc2e6,WordPress Support - Rank Math SEO,wordpress-rankmath-support,forum,https://wordpress.org/support/plugin/seo-by-rank-math/,Google Is Removing FAQ Rich Results in 2026: What It Means for Your SEO,https://wordpress.org/support/topic/google-is-removing-faq-rich-results-in-2026-what-it-means-for-your-seo/,,,2026-05-14T18:07:17+00:00,hot,27,"{'schema_hits': ['rich result', 'rich results'], 'strict_schema_hits': ['rich result', 'rich results'], 'intent_hits': [], 'platform_hits': [], 'issue_hits': [], 'visibility_hits': ['rich result', 'rich results'], 'ecom_search_hits': ['rich result', 'rich results'], 'negative_hits': [], 'hard_reject_hits': [], 'general_reddit_reject_hits': [], 'title_signal_hits': ['rich result', 'rich results'], 'schema_source': True, 'native_action_source': True, 'general_reddit_source': False, 'ecom_platform_source': True}",[],"['rich result', 'rich results']",[],,,Done-for-you / service,Treat this as a direct service lead first.,"{'business_site': None, 'schema_present': None, 'notes': ''}",forum_reply,Email for direct help,mailto:schemaagent@gmail.com,Direct schema help for: Google Is Removing FAQ Rich Results in 2026: What It Means for Your SE,"This looks like a rich-results eligibility/output issue rather than a plain ranking problem.

I’d check these first:
- Validate the live page against the canonical URL Google is actually using.
- Check that required properties are present consistently across that page type.
- Remember valid markup only gives eligibility — Google can still suppress the feature.

If you want, send the live URL and current markup/feed source to schemaagent@gmail.com and I’ll tell you where I’d look first.","Quick follow-up on 'Google Is Removing FAQ Rich Results in 2026: What It Means for Your SEO': if you still want hands-on help, send the live URL and the current markup/feed source to schemaagent@gmail.com and I’ll point you to the first layer I’d test.",ready,forum_reply,https://wordpress.org/support/topic/google-is-removing-faq-rich-results-in-2026-what-it-means-for-your-seo/,
3c1ec4b89dc6bf28,Reddit r/TechSEO,reddit-techseo,forum,https://www.reddit.com/r/TechSEO/.rss,Google: FAQ rich results are no longer appearing in Google Search Result Appearances [Official],https://www.reddit.com/r/TechSEO/comments/1t7dite/google_faq_rich_results_are_no_longer_appearing/,/u/WebLinkr,2026-05-08T16:49:07+00:00,2026-05-14T18:07:17+00:00,hot,26,"{'schema_hits': ['rich result', 'rich results'], 'strict_schema_hits': ['rich result', 'rich results'], 'intent_hits': [], 'platform_hits': [], 'issue_hits': [], 'visibility_hits': ['rich result', 'rich results'], 'ecom_search_hits': ['rich result', 'rich results'], 'negative_hits': [], 'hard_reject_hits': [], 'general_reddit_reject_hits': [], 'title_signal_hits': ['rich result', 'rich results'], 'schema_source': False, 'native_action_source': True, 'general_reddit_source': True, 'ecom_platform_source': False}",[],"['rich result', 'rich results']",[],,,Done-for-you / service,Treat this as a direct service lead first.,"{'business_site': None, 'schema_present': None, 'notes': ''}",forum_reply,Email for direct help,mailto:schemaagent@gmail.com,Direct schema help for: Google: FAQ rich results are no longer appearing in Google Search Resu,"This looks like a rich-results eligibility/output issue rather than a plain ranking problem.

I’d check these first:
- Validate the live page against the canonical URL Google is actually using.
- Check that required properties are present consistently across that page type.
- Remember valid markup only gives eligibility — Google can still suppress the feature.

If you want, send the live URL and current markup/feed source to schemaagent@gmail.com and I’ll tell you where I’d look first.","Quick follow-up on 'Google: FAQ rich results are no longer appearing in Google Search Result Appearances [Official]': if you still want hands-on help, send the live URL and the current markup/feed source to schemaagent@gmail.com and I’ll point you to the first layer I’d test.",ready,forum_reply,https://www.reddit.com/r/TechSEO/comments/1t7dite/google_faq_rich_results_are_no_longer_appearing/,
f9d88b5c66a6d90b,Search WordPress Support,search-wordpress,forum,search:site:wordpress.org/support/topic schema markup issue,Structured Data Issue: Price Range in Schema Markup Not Accepted by ...,https://wordpress.org/support/topic/structured-data-issue-price-range-in-schema-markup-not-accepted-by-google/,"Currently, the schema for tickets that has a price range is not supported. However, you're not alone in requesting this—other users have also submitted a feature request, which you can view here: Proper Price Range Representation in Event Rich Data. If this is an important feature for you, we encourage you to upvote the request.",,2026-05-14T18:07:17+00:00,hot,26,"{'schema_hits': ['schema markup', 'structured data'], 'strict_schema_hits': ['schema', 'schema markup', 'structured data'], 'intent_hits': ['issue', 'support'], 'platform_hits': [], 'issue_hits': [], 'visibility_hits': [], 'ecom_search_hits': [], 'negative_hits': [], 'hard_reject_hits': [], 'general_reddit_reject_hits': [], 'title_signal_hits': ['issue', 'schema markup', 'structured data'], 'schema_source': True, 'native_action_source': False, 'general_reddit_source': False, 'ecom_platform_source': False}",[],[],"['issue', 'support']",,,Done-for-you / service,Treat this as a direct service lead first.,"{'business_site': None, 'schema_present': None, 'notes': ''}",forum_reply,Email for direct help,mailto:schemaagent@gmail.com,Direct schema help for: Structured Data Issue: Price Range in Schema Markup Not Accepted by ..,"This looks more like a markup-generation or duplicate-output problem than a generic SEO issue.

I’d check these first:
- Validate the final live JSON-LD, not just the plugin UI output.
- Check for duplicate/conflicting schema from theme + plugin combinations.
- Make sure the entity type and required properties match the actual page intent.

If you want, send the live URL and current markup/feed source to schemaagent@gmail.com and I’ll tell you where I’d look first.","Quick follow-up on 'Structured Data Issue: Price Range in Schema Markup Not Accepted by ...': if you still want hands-on help, send the live URL and the current markup/feed source to schemaagent@gmail.com and I’ll point you to the first layer I’d test.",ready,forum_reply,https://wordpress.org/support/topic/structured-data-issue-price-range-in-schema-markup-not-accepted-by-google/,
ed1458b922432690,Search WordPress Support,search-wordpress,forum,search:site:wordpress.org/support/topic faq schema problem,Elementor FAQPage Schema Bug - WordPress.org,https://wordpress.org/support/topic/elementor-faqpage-schema-bug/,"Hi Elementor Support Team, After the latest Elementor update, I've encountered a critical issue with the FAQPage schema markup. Although the content displays correctly on the frontend, the generated JSON-LD is missing the ""text"" field within the acceptedAnswer object, causing errors in Google Search Console. This issue directly affects SEO, as Google is unable to properly validate the FAQ ...",,2026-05-14T18:07:17+00:00,hot,25,"{'schema_hits': ['json-ld', 'schema markup'], 'strict_schema_hits': ['json-ld', 'schema', 'schema markup'], 'intent_hits': ['error', 'issue', 'missing', 'search console', 'support'], 'platform_hits': ['wordpress'], 'issue_hits': [], 'visibility_hits': [], 'ecom_search_hits': [], 'negative_hits': [], 'hard_reject_hits': [], 'general_reddit_reject_hits': [], 'title_signal_hits': [], 'schema_source': True, 'native_action_source': False, 'general_reddit_source': False, 'ecom_platform_source': False}",['wordpress'],[],"['error', 'issue', 'missing', 'search console', 'support']",,,Done-for-you / service,Treat this as a direct service lead first.,"{'business_site': None, 'schema_present': None, 'notes': ''}",forum_reply,Email for direct help,mailto:schemaagent@gmail.com,Direct schema help for: Elementor FAQPage Schema Bug - WordPress.org,"This looks like the FAQPage JSON-LD is being output in the wrong shape, or a required field is missing in the final live markup.

I’d check these first:
- Check the final live JSON-LD and confirm mainEntity exists at page level.
- Make sure each Question has acceptedAnswer.text in the final output.
- Check for duplicate schema coming from another plugin or theme.

If you want, send the live URL and current markup/feed source to schemaagent@gmail.com and I’ll tell you where I’d look first.","Quick follow-up on 'Elementor FAQPage Schema Bug - WordPress.org': if you still want hands-on help, send the live URL and the current markup/feed source to schemaagent@gmail.com and I’ll point you to the first layer I’d test.",ready,email,schemaagent@gmail.com,
139fa280b3d7a095,Reddit r/shopify,reddit-shopify,forum,https://www.reddit.com/r/shopify/.rss,Local Feed Partnership automatically added,https://www.reddit.com/r/shopify/comments/1tcvee0/local_feed_partnership_automatically_added/,"I’m using Shopify with the Google & YouTube / Google Ads app to sync products to Google Merchant Center. In Merchant Center, under Product sources > Primary sources , I keep seeing this source added automatically: Local Feed Partnership I delete it, but it keeps coming back. Does anyone know what setting is creating this automatically? Is it coming from Shopify, the Google app, Merchant Center, local inventory ads, or something else? I only want my normal product feed to stay active(Shopify API). I don’t want this “Local Feed Partnership” source to be recreated every time. What should I disable to stop it without breaking my main Shopify product sync? /u/Holiday_Leg8427",2026-05-14T11:32:37+00:00,2026-05-14T18:07:17+00:00,hot,23,"{'schema_hits': [], 'strict_schema_hits': ['google merchant center', 'merchant center', 'product feed'], 'intent_hits': [], 'platform_hits': ['shopify'], 'issue_hits': [], 'visibility_hits': ['google merchant center', 'merchant center', 'product feed'], 'ecom_search_hits': ['google merchant center', 'merchant center', 'product feed'], 'negative_hits': [], 'hard_reject_hits': [], 'general_reddit_reject_hits': [], 'title_signal_hits': [], 'schema_source': False, 'native_action_source': True, 'general_reddit_source': False, 'ecom_platform_source': True}",['shopify'],"['google merchant center', 'merchant center', 'product feed']",[],,,Done-for-you / service,Treat this as a direct service lead first.,"{'business_site': None, 'schema_present': None, 'notes': ''}",forum_reply,Email for direct help,mailto:schemaagent@gmail.com,Direct schema help for: Local Feed Partnership automatically added,"This looks more like a feed-sync / product-data mismatch than a basic store setup issue.

I’d check these first:
- Confirm the feed source Google/Pinterest is reading is the same one the store is publishing.
- Check for stale IDs, deleted variants, draft products, or cached feed data.
- Compare the feed values against one live product URL end-to-end.

If you want, send the live URL and current markup/feed source to schemaagent@gmail.com and I’ll tell you where I’d look first.","Quick follow-up on 'Local Feed Partnership automatically added': if you still want hands-on help, send the live URL and the current markup/feed source to schemaagent@gmail.com and I’ll point you to the first layer I’d test.",ready,forum_reply,https://www.reddit.com/r/shopify/comments/1tcvee0/local_feed_partnership_automatically_added/,
d214198645e6c277,Search WordPress Support,search-wordpress,forum,search:site:wordpress.org/support/topic schema markup issue,LD Json Schema syntax Error causing issues on website,https://wordpress.org/support/topic/ld-json-schema-syntax-error-causing-issues-on-website/,"It appears that another plugin or perhaps your theme might be adding this conflicting schema markup , which is leading to the errors you're seeing. To resolve this, you will need to identify the source of this additional schema and reach out to that particular plugin or theme's support team for further assistance.",,2026-05-14T18:07:17+00:00,hot,22,"{'schema_hits': ['schema markup'], 'strict_schema_hits': ['schema', 'schema markup'], 'intent_hits': ['error', 'issue', 'support'], 'platform_hits': [], 'issue_hits': [], 'visibility_hits': [], 'ecom_search_hits': [], 'negative_hits': [], 'hard_reject_hits': [], 'general_reddit_reject_hits': [], 'title_signal_hits': ['error', 'issue'], 'schema_source': True, 'native_action_source': False, 'general_reddit_source': False, 'ecom_platform_source': False}",[],[],"['error', 'issue', 'support']",,,Done-for-you / service,Treat this as a direct service lead first.,"{'business_site': None, 'schema_present': None, 'notes': ''}",forum_reply,Email for direct help,mailto:schemaagent@gmail.com,Direct schema help for: LD Json Schema syntax Error causing issues on website,"This looks more like a markup-generation or duplicate-output problem than a generic SEO issue.

I’d check these first:
- Validate the final live JSON-LD, not just the plugin UI output.
- Check for duplicate/conflicting schema from theme + plugin combinations.
- Make sure the entity type and required properties match the actual page intent.

If you want, send the live URL and current markup/feed source to schemaagent@gmail.com and I’ll tell you where I’d look first.","Quick follow-up on 'LD Json Schema syntax Error causing issues on website': if you still want hands-on help, send the live URL and the current markup/feed source to schemaagent@gmail.com and I’ll point you to the first layer I’d test.",ready,forum_reply,https://wordpress.org/support/topic/ld-json-schema-syntax-error-causing-issues-on-website/,
1dcf6d1cbd58f619,Search WordPress Support,search-wordpress,forum,search:site:wordpress.org/support/topic schema markup issue,Schema.org lowPrice highPrice for variable product with same price ...,https://wordpress.org/support/topic/schema-org-lowprice-highprice-for-variable-product-with-same-price-different-vat/,"To resolve this issue , you may need to modify the way your product prices are being outputted to the schema .org markup . This will likely involve customizing the code that generates the markup , to ensure it's pulling the correct price (including VAT) for each product variation.",,2026-05-14T18:07:17+00:00,hot,16,"{'schema_hits': ['schema.org'], 'strict_schema_hits': ['schema', 'schema.org'], 'intent_hits': ['issue'], 'platform_hits': [], 'issue_hits': [], 'visibility_hits': [], 'ecom_search_hits': [], 'negative_hits': [], 'hard_reject_hits': [], 'general_reddit_reject_hits': [], 'title_signal_hits': ['schema.org'], 'schema_source': True, 'native_action_source': False, 'general_reddit_source': False, 'ecom_platform_source': False}",[],[],['issue'],,,Done-for-you / service,Treat this as a direct service lead first.,"{'business_site': None, 'schema_present': None, 'notes': ''}",forum_reply,Email for direct help,mailto:schemaagent@gmail.com,Direct schema help for: Schema.org lowPrice highPrice for variable product with same price ...,"This looks like a real structured-data / search-visibility implementation issue.

I’d check these first:
- Check the final rendered HTML/JSON-LD on the live URL.
- Look for duplicate output from theme + plugin combinations.
- Test one clean representative page first before changing the whole setup.

If you want, send the live URL and current markup/feed source to schemaagent@gmail.com and I’ll tell you where I’d look first.","Quick follow-up on 'Schema.org lowPrice highPrice for variable product with same price ...': if you still want hands-on help, send the live URL and the current markup/feed source to schemaagent@gmail.com and I’ll point you to the first layer I’d test.",ready,forum_reply,https://wordpress.org/support/topic/schema-org-lowprice-highprice-for-variable-product-with-same-price-different-vat/,
07652c951ac4b98a,Reddit r/TechSEO,reddit-techseo,forum,https://www.reddit.com/r/TechSEO/.rss,"Wow!!! Ahrefs Tracked 1,885 Pages Adding Schema. AI Citations Barely Moved.",https://www.reddit.com/r/TechSEO/comments/1ta9tux/wow_ahrefs_tracked_1885_pages_adding_schema_ai/,"Adding schema didn’t boost citations on any platform We tracked 1,885 web pages that added JSON-LD schema between August 2025 and March 2026, matched them against 4,000 control pages, and measured citation changes across Google AI Overviews, AI Mode, and ChatGPT. Adding schema produced no major uplift in citations on any platform. AI source Effect on citations Verdict Google AIO −4.6% Small but statistically significant decline relative to matched controls; (both groups were declining together, but treated pages fell slightly faster) Google AI Mode +2.4% Statistically indistinguishable from zero ChatGPT +2.2% Statistically indistinguishable from zero These percentages come from our most reliable analysis (a matched difference-in-differences [DiD] test). In this test, both AI Mode and ChatGPT treated pages performed slightly better than control pages on average, but the differences are small enough that they could easily be random noise across thousands of URLs. AI Overviews showed a 4.6% decline, which is small but statistically significant relative to matched control pages. But that isn’t quite the full story—we’ll get into that in the next section. So, overall, we can’t tell whether the schema did a tiny bit of good or nothing at all. /u/WebLinkr",2026-05-11T17:17:05+00:00,2026-05-14T18:07:17+00:00,hot,12,"{'schema_hits': ['json-ld'], 'strict_schema_hits': ['json-ld', 'schema'], 'intent_hits': [], 'platform_hits': [], 'issue_hits': [], 'visibility_hits': [], 'ecom_search_hits': [], 'negative_hits': [], 'hard_reject_hits': [], 'general_reddit_reject_hits': [], 'title_signal_hits': [], 'schema_source': False, 'native_action_source': True, 'general_reddit_source': True, 'ecom_platform_source': False}",[],[],[],,,Done-for-you / service,Treat this as a direct service lead first.,"{'business_site': None, 'schema_present': None, 'notes': ''}",forum_reply,Email for direct help,mailto:schemaagent@gmail.com,"Direct schema help for: Wow!!! Ahrefs Tracked 1,885 Pages Adding Schema. AI Citations Barely M","This looks more like a markup-generation or duplicate-output problem than a generic SEO issue.

I’d check these first:
- Validate the final live JSON-LD, not just the plugin UI output.
- Check for duplicate/conflicting schema from theme + plugin combinations.
- Make sure the entity type and required properties match the actual page intent.

If you want, send the live URL and current markup/feed source to schemaagent@gmail.com and I’ll tell you where I’d look first.","Quick follow-up on 'Wow!!! Ahrefs Tracked 1,885 Pages Adding Schema. AI Citations Barely Moved.': if you still want hands-on help, send the live URL and the current markup/feed source to schemaagent@gmail.com and I’ll point you to the first layer I’d test.",ready,forum_reply,https://www.reddit.com/r/TechSEO/comments/1ta9tux/wow_ahrefs_tracked_1885_pages_adding_schema_ai/,
dd192b5fc8c64c61,WordPress Support - Schema & Structured Data for WP & AMP,wordpress-schema-support,forum,https://wordpress.org/support/plugin/schema-and-structured-data-for-wp/,"I could not find schema for yoga studio, only for sports.",https://wordpress.org/support/topic/i-could-not-find-schema-for-yoga-studio-only-for-sports/,,,2026-05-14T18:07:17+00:00,watch,7,"{'schema_hits': [], 'strict_schema_hits': ['schema'], 'intent_hits': [], 'platform_hits': [], 'issue_hits': [], 'visibility_hits': [], 'ecom_search_hits': [], 'negative_hits': [], 'hard_reject_hits': [], 'general_reddit_reject_hits': [], 'title_signal_hits': [], 'schema_source': True, 'native_action_source': True, 'general_reddit_source': False, 'ecom_platform_source': True}",[],[],[],,,AI Visibility Kit,Lead with the DIY schema kit as the simplest next step.,"{'business_site': None, 'schema_present': None, 'notes': ''}",forum_reply,Get the AI Visibility Kit,https://schemaagent.gumroad.com/l/rfces,"AI Visibility Kit could help with: I could not find schema for yoga studio, only for sports.","This looks like a real structured-data / search-visibility implementation issue.

I’d check these first:
- Check the final rendered HTML/JSON-LD on the live URL.
- Look for duplicate output from theme + plugin combinations.
- Test one clean representative page first before changing the whole setup.

If you want the faster DIY route after checking that, the closest fit is here: https://schemaagent.gumroad.com/l/rfces","Quick follow-up on 'I could not find schema for yoga studio, only for sports.': if you want the faster DIY route, the closest fit is here: https://schemaagent.gumroad.com/l/rfces. Questions: schemaagent@gmail.com.",ready,forum_reply,https://wordpress.org/support/topic/i-could-not-find-schema-for-yoga-studio-only-for-sports/,
